<?xml version="1.0"?>
<opencv_storage>
<opencv_ml_boost>
  <is_classifier>1</is_classifier>
  <var_all>5</var_all>
  <var_count>4</var_count>
  <ord_var_count>4</ord_var_count>
  <cat_var_count>1</cat_var_count>
  <training_params>
    <boosting_type>RealAdaboost</boosting_type>
    <use_surrogates>0</use_surrogates>
    <max_categories>10</max_categories>
    <regression_accuracy>9.9999997764825821e-03</regression_accuracy>
    <max_depth>1</max_depth>
    <min_sample_count>10</min_sample_count>
    <cross_validation_folds>0</cross_validation_folds>
    <weight_trimming_rate>0.</weight_trimming_rate></training_params>
  <var_idx>
    0 1 2 3</var_idx>
  <var_type>
    0 0 0 0 1</var_type>
  <cat_ofs>
    0 0 0 0 0 0 0 0</cat_ofs>
  <class_labels>
    1 2</class_labels>
  <missing_subst>
    0. 0. 0. 0. 0.</missing_subst>
  <ntrees>100</ntrees>
  <trees>
    <_>
      <nodes>
        <_>
          <depth>0</depth>
          <value>-8.7333809708190802e-01</value>
          <splits>
            <_><var>1</var>
              <quality>7.9075121879577637e-01</quality>
              <le>8.5429996252059937e-02</le></_></splits></_>
        <_>
          <depth>1</depth>
          <value>6.7336438045684699e-01</value></_>
        <_>
          <depth>1</depth>
          <value>-1.6797288877446712e+00</value></_></nodes></_>
    <_>
      <nodes>
        <_>
          <depth>0</depth>
          <value>-2.1631365111864052e-08</value>
          <splits>
            <_><var>2</var>
              <quality>2.0314116775989532e-01</quality>
              <le>1.5000000000000000e+00</le></_></splits></_>
        <_>
          <depth>1</depth>
          <value>-2.3830235476421188e-01</value></_>
        <_>
          <depth>1</depth>
          <value>1.3270520712908087e+00</value></_></nodes></_>
    <_>
      <nodes>
        <_>
          <depth>0</depth>
          <value>-9.5946608246389331e-09</value>
          <splits>
            <_><var>1</var>
              <quality>2.1459014713764191e-01</quality>
              <le>1.0963299870491028e-01</le></_></splits></_>
        <_>
          <depth>1</depth>
          <value>2.8488484574731482e-01</value></_>
        <_>
          <depth>1</depth>
          <value>-1.0290340667714268e+00</value></_></nodes></_>
    <_>
      <nodes>
        <_>
          <depth>0</depth>
          <value>-4.7866593140681774e-09</value>
          <splits>
            <_><var>0</var>
              <quality>1.6677004098892212e-01</quality>
              <le>9.5209401845932007e-01</le></_></splits></_>
        <_>
          <depth>1</depth>
          <value>-4.6437394807190152e-01</value></_>
        <_>
          <depth>1</depth>
          <value>4.0542316418314123e-01</value></_></nodes></_>
    <_>
      <nodes>
        <_>
          <depth>0</depth>
          <value>-9.7220181999462173e-10</value>
          <splits>
            <_><var>3</var>
              <quality>1.0930537432432175e-01</quality>
              <le>3.</le></_></splits></_>
        <_>
          <depth>1</depth>
          <value>5.0630657730717921e-01</value></_>
        <_>
          <depth>1</depth>
          <value>-2.3844591443651217e-01</value></_></nodes></_>
    <_>
      <nodes>
        <_>
          <depth>0</depth>
          <value>-8.0883047025867052e-09</value>
          <splits>
            <_><var>2</var>
              <quality>1.0545494407415390e-01</quality>
              <le>5.0000000000000000e-01</le></_></splits></_>
        <_>
          <depth>1</depth>
          <value>-3.5086409467643453e-01</value></_>
        <_>
          <depth>1</depth>
          <value>3.2363634443250805e-01</value></_></nodes></_>
    <_>
      <nodes>
        <_>
          <depth>0</depth>
          <value>-1.0268812461444257e-08</value>
          <splits>
            <_><var>0</var>
              <quality>9.9174454808235168e-02</quality>
              <le>1.6267855167388916e+00</le></_></splits></_>
        <_>
          <depth>1</depth>
          <value>-1.0723655404788152e-01</value></_>
        <_>
          <depth>1</depth>
          <value>1.6463996067789579e+00</value></_></nodes></_>
    <_>
      <nodes>
        <_>
          <depth>0</depth>
          <value>2.1216057754465882e-09</value>
          <splits>
            <_><var>1</var>
              <quality>1.0508925467729568e-01</quality>
              <le>7.4758999049663544e-02</le></_></splits></_>
        <_>
          <depth>1</depth>
          <value>1.0273978552379068e+00</value></_>
        <_>
          <depth>1</depth>
          <value>-1.3682146703962170e-01</value></_></nodes></_>
    <_>
      <nodes>
        <_>
          <depth>0</depth>
          <value>-4.5958066452739266e-09</value>
          <splits>
            <_><var>0</var>
              <quality>9.0754203498363495e-02</quality>
              <le>6.6345453262329102e-01</le></_></splits></_>
        <_>
          <depth>1</depth>
          <value>-1.0072489216407101e+00</value></_>
        <_>
          <depth>1</depth>
          <value>1.1925375132113981e-01</value></_></nodes></_>
    <_>
      <nodes>
        <_>
          <depth>0</depth>
          <value>-6.9437575061269719e-09</value>
          <splits>
            <_><var>2</var>
              <quality>4.2922187596559525e-02</quality>
              <le>2.5000000000000000e+00</le></_></splits></_>
        <_>
          <depth>1</depth>
          <value>-4.7305826056789242e-02</value></_>
        <_>
          <depth>1</depth>
          <value>1.5160735376064021e+00</value></_></nodes></_>
    <_>
      <nodes>
        <_>
          <depth>0</depth>
          <value>-9.6316421597862319e-10</value>
          <splits>
            <_><var>3</var>
              <quality>4.1622120887041092e-02</quality>
              <le>5.</le></_></splits></_>
        <_>
          <depth>1</depth>
          <value>9.1796154922232295e-02</value></_>
        <_>
          <depth>1</depth>
          <value>-4.9059916911445317e-01</value></_></nodes></_>
    <_>
      <nodes>
        <_>
          <depth>0</depth>
          <value>1.3879075664596735e-10</value>
          <splits>
            <_><var>1</var>
              <quality>5.3457364439964294e-02</quality>
              <le>1.0963299870491028e-01</le></_></splits></_>
        <_>
          <depth>1</depth>
          <value>1.0385060163367404e-01</value></_>
        <_>
          <depth>1</depth>
          <value>-5.7169329359009757e-01</value></_></nodes></_>
    <_>
      <nodes>
        <_>
          <depth>0</depth>
          <value>-1.3442719161846540e-10</value>
          <splits>
            <_><var>3</var>
              <quality>5.2180022001266479e-02</quality>
              <le>3.</le></_></splits></_>
        <_>
          <depth>1</depth>
          <value>3.2591024124093165e-01</value></_>
        <_>
          <depth>1</depth>
          <value>-1.6727739244354592e-01</value></_></nodes></_>
    <_>
      <nodes>
        <_>
          <depth>0</depth>
          <value>2.4569886065279214e-09</value>
          <splits>
            <_><var>1</var>
              <quality>2.8186190873384476e-02</quality>
              <le>7.1857005357742310e-02</le></_></splits></_>
        <_>
          <depth>1</depth>
          <value>6.4622035136473766e-01</value></_>
        <_>
          <depth>1</depth>
          <value>-4.9566466626806041e-02</value></_></nodes></_>
    <_>
      <nodes>
        <_>
          <depth>0</depth>
          <value>1.4196048760792824e-09</value>
          <splits>
            <_><var>1</var>
              <quality>2.7027439326047897e-02</quality>
              <le>1.4143149554729462e-01</le></_></splits></_>
        <_>
          <depth>1</depth>
          <value>-4.6424294549607982e-02</value></_>
        <_>
          <depth>1</depth>
          <value>6.6639156235797892e-01</value></_></nodes></_>
    <_>
      <nodes>
        <_>
          <depth>0</depth>
          <value>1.7913805962050385e-09</value>
          <splits>
            <_><var>1</var>
              <quality>4.5239064842462540e-02</quality>
              <le>1.0177600383758545e-01</le></_></splits></_>
        <_>
          <depth>1</depth>
          <value>1.3091283610014454e-01</value></_>
        <_>
          <depth>1</depth>
          <value>-3.6264100671050259e-01</value></_></nodes></_>
    <_>
      <nodes>
        <_>
          <depth>0</depth>
          <value>-3.1509399633286340e-09</value>
          <splits>
            <_><var>1</var>
              <quality>4.3634366244077682e-02</quality>
              <le>8.9620999991893768e-02</le></_></splits></_>
        <_>
          <depth>1</depth>
          <value>-2.4183425749810364e-01</value></_>
        <_>
          <depth>1</depth>
          <value>1.8605210667715372e-01</value></_></nodes></_>
    <_>
      <nodes>
        <_>
          <depth>0</depth>
          <value>-5.9363980750483223e-09</value>
          <splits>
            <_><var>1</var>
              <quality>1.6732335090637207e-02</quality>
              <le>1.0963299870491028e-01</le></_></splits></_>
        <_>
          <depth>1</depth>
          <value>5.1954265176917196e-02</value></_>
        <_>
          <depth>1</depth>
          <value>-3.3426586296299371e-01</value></_></nodes></_>
    <_>
      <nodes>
        <_>
          <depth>0</depth>
          <value>-1.1056813254985511e-09</value>
          <splits>
            <_><var>0</var>
              <quality>1.7617879435420036e-02</quality>
              <le>1.1348484754562378e+00</le></_></splits></_>
        <_>
          <depth>1</depth>
          <value>-7.4858360084827991e-02</value></_>
        <_>
          <depth>1</depth>
          <value>2.4031047588871904e-01</value></_></nodes></_>
    <_>
      <nodes>
        <_>
          <depth>0</depth>
          <value>8.4834805839670362e-11</value>
          <splits>
            <_><var>0</var>
              <quality>2.1638358011841774e-02</quality>
              <le>1.2661495208740234e+00</le></_></splits></_>
        <_>
          <depth>1</depth>
          <value>5.6719022402887675e-02</value></_>
        <_>
          <depth>1</depth>
          <value>-4.0229379214135219e-01</value></_></nodes></_>
    <_>
      <nodes>
        <_>
          <depth>0</depth>
          <value>-6.3857308334106427e-11</value>
          <splits>
            <_><var>0</var>
              <quality>1.8096277490258217e-02</quality>
              <le>2.3689103126525879e+00</le></_></splits></_>
        <_>
          <depth>1</depth>
          <value>-1.9140962187771966e-02</value></_>
        <_>
          <depth>1</depth>
          <value>1.7878855304952788e+00</value></_></nodes></_>
    <_>
      <nodes>
        <_>
          <depth>0</depth>
          <value>2.1542279067055005e-10</value>
          <splits>
            <_><var>0</var>
              <quality>1.3288102112710476e-02</quality>
              <le>2.2119045257568359e+00</le></_></splits></_>
        <_>
          <depth>1</depth>
          <value>1.8191803852674496e-02</value></_>
        <_>
          <depth>1</depth>
          <value>-9.2985232245109128e-01</value></_></nodes></_>
    <_>
      <nodes>
        <_>
          <depth>0</depth>
          <value>3.3480174177373400e-10</value>
          <splits>
            <_><var>0</var>
              <quality>1.8727412447333336e-02</quality>
              <le>1.2460045814514160e+00</le></_></splits></_>
        <_>
          <depth>1</depth>
          <value>-5.7918484097188083e-02</value></_>
        <_>
          <depth>1</depth>
          <value>3.3577728801047679e-01</value></_></nodes></_>
    <_>
      <nodes>
        <_>
          <depth>0</depth>
          <value>1.7563634959987781e-09</value>
          <splits>
            <_><var>0</var>
              <quality>1.5054188668727875e-02</quality>
              <le>9.5505046844482422e-01</le></_></splits></_>
        <_>
          <depth>1</depth>
          <value>1.1992717012337921e-01</value></_>
        <_>
          <depth>1</depth>
          <value>-1.2680428299041022e-01</value></_></nodes></_>
    <_>
      <nodes>
        <_>
          <depth>0</depth>
          <value>-1.6183834298901067e-09</value>
          <splits>
            <_><var>0</var>
              <quality>1.4984658919274807e-02</quality>
              <le>7.8355848789215088e-01</le></_></splits></_>
        <_>
          <depth>1</depth>
          <value>-2.4384603908674671e-01</value></_>
        <_>
          <depth>1</depth>
          <value>6.2746712283342623e-02</value></_></nodes></_>
    <_>
      <nodes>
        <_>
          <depth>0</depth>
          <value>1.9494861242828258e-09</value>
          <splits>
            <_><var>1</var>
              <quality>1.4075230807065964e-02</quality>
              <le>6.3535496592521667e-02</le></_></splits></_>
        <_>
          <depth>1</depth>
          <value>5.7564577324623896e+00</value></_>
        <_>
          <depth>1</depth>
          <value>-1.4076158112124645e-02</value></_></nodes></_>
    <_>
      <nodes>
        <_>
          <depth>0</depth>
          <value>4.4512726660438585e-05</value>
          <splits>
            <_><var>1</var>
              <quality>1.4259519986808300e-02</quality>
              <le>6.4906999468803406e-02</le></_></splits></_>
        <_>
          <depth>1</depth>
          <value>-2.8822016996169664e+00</value></_>
        <_>
          <depth>1</depth>
          <value>1.4394135011010974e-02</value></_></nodes></_>
    <_>
      <nodes>
        <_>
          <depth>0</depth>
          <value>-2.4815655092543559e-10</value>
          <splits>
            <_><var>1</var>
              <quality>2.0192123949527740e-02</quality>
              <le>6.9339498877525330e-02</le></_></splits></_>
        <_>
          <depth>1</depth>
          <value>1.6547355808787381e+00</value></_>
        <_>
          <depth>1</depth>
          <value>-2.1726951513336923e-02</value></_></nodes></_>
    <_>
      <nodes>
        <_>
          <depth>0</depth>
          <value>-3.7176151060301417e-10</value>
          <splits>
            <_><var>3</var>
              <quality>1.4218454249203205e-02</quality>
              <le>7.</le></_></splits></_>
        <_>
          <depth>1</depth>
          <value>1.7568593210998670e-02</value></_>
        <_>
          <depth>1</depth>
          <value>-1.1252698295987043e+00</value></_></nodes></_>
    <_>
      <nodes>
        <_>
          <depth>0</depth>
          <value>-1.3681444884627691e-09</value>
          <splits>
            <_><var>1</var>
              <quality>1.5344078652560711e-02</quality>
              <le>8.0150999128818512e-02</le></_></splits></_>
        <_>
          <depth>1</depth>
          <value>2.7041738482388805e-01</value></_>
        <_>
          <depth>1</depth>
          <value>-5.8184180700241138e-02</value></_></nodes></_>
    <_>
      <nodes>
        <_>
          <depth>0</depth>
          <value>-1.5434920032595900e-09</value>
          <splits>
            <_><var>0</var>
              <quality>1.0209547355771065e-02</quality>
              <le>6.2720644474029541e-01</le></_></splits></_>
        <_>
          <depth>1</depth>
          <value>-4.5462989982169821e-01</value></_>
        <_>
          <depth>1</depth>
          <value>2.3987711886863473e-02</value></_></nodes></_>
    <_>
      <nodes>
        <_>
          <depth>0</depth>
          <value>-5.1471399391392694e-10</value>
          <splits>
            <_><var>2</var>
              <quality>8.7851202115416527e-03</quality>
              <le>2.5000000000000000e+00</le></_></splits></_>
        <_>
          <depth>1</depth>
          <value>-1.5635518781769539e-02</value></_>
        <_>
          <depth>1</depth>
          <value>6.3562784165993269e-01</value></_></nodes></_>
    <_>
      <nodes>
        <_>
          <depth>0</depth>
          <value>-9.5801278113446566e-10</value>
          <splits>
            <_><var>3</var>
              <quality>8.7647400796413422e-03</quality>
              <le>3.</le></_></splits></_>
        <_>
          <depth>1</depth>
          <value>1.3081676651400670e-01</value></_>
        <_>
          <depth>1</depth>
          <value>-6.7484142578735223e-02</value></_></nodes></_>
    <_>
      <nodes>
        <_>
          <depth>0</depth>
          <value>-3.5024048228848712e-09</value>
          <splits>
            <_><var>1</var>
              <quality>1.4487749896943569e-02</quality>
              <le>1.1533749848604202e-01</le></_></splits></_>
        <_>
          <depth>1</depth>
          <value>4.0250803604261538e-02</value></_>
        <_>
          <depth>1</depth>
          <value>-3.7703669226290903e-01</value></_></nodes></_>
    <_>
      <nodes>
        <_>
          <depth>0</depth>
          <value>-7.5412159906944484e-10</value>
          <splits>
            <_><var>1</var>
              <quality>1.8312927335500717e-02</quality>
              <le>1.4143149554729462e-01</le></_></splits></_>
        <_>
          <depth>1</depth>
          <value>-3.3928131849597878e-02</value></_>
        <_>
          <depth>1</depth>
          <value>6.0410411059093139e-01</value></_></nodes></_>
    <_>
      <nodes>
        <_>
          <depth>0</depth>
          <value>2.0612116415610416e-09</value>
          <splits>
            <_><var>1</var>
              <quality>1.3186217285692692e-02</quality>
              <le>1.4145749807357788e-01</le></_></splits></_>
        <_>
          <depth>1</depth>
          <value>2.0368452314528527e-02</value></_>
        <_>
          <depth>1</depth>
          <value>-7.7093694713403660e-01</value></_></nodes></_>
    <_>
      <nodes>
        <_>
          <depth>0</depth>
          <value>-3.4156327777821504e-10</value>
          <splits>
            <_><var>0</var>
              <quality>1.2339411303400993e-02</quality>
              <le>1.6267855167388916e+00</le></_></splits></_>
        <_>
          <depth>1</depth>
          <value>-2.4173163048342185e-02</value></_>
        <_>
          <depth>1</depth>
          <value>5.6348492467603006e-01</value></_></nodes></_>
    <_>
      <nodes>
        <_>
          <depth>0</depth>
          <value>5.2153636937446906e-10</value>
          <splits>
            <_><var>0</var>
              <quality>1.3542979955673218e-02</quality>
              <le>1.2661495208740234e+00</le></_></splits></_>
        <_>
          <depth>1</depth>
          <value>4.0402378556557483e-02</value></_>
        <_>
          <depth>1</depth>
          <value>-3.4888339076379815e-01</value></_></nodes></_>
    <_>
      <nodes>
        <_>
          <depth>0</depth>
          <value>-3.3107644414745937e-10</value>
          <splits>
            <_><var>0</var>
              <quality>1.1766526848077774e-02</quality>
              <le>1.0797724723815918e+00</le></_></splits></_>
        <_>
          <depth>1</depth>
          <value>-6.8287989539541835e-02</value></_>
        <_>
          <depth>1</depth>
          <value>1.7431966483659467e-01</value></_></nodes></_>
    <_>
      <nodes>
        <_>
          <depth>0</depth>
          <value>-2.9635843787801789e-10</value>
          <splits>
            <_><var>0</var>
              <quality>9.5203928649425507e-03</quality>
              <le>9.2052650451660156e-01</le></_></splits></_>
        <_>
          <depth>1</depth>
          <value>1.0513503227013470e-01</value></_>
        <_>
          <depth>1</depth>
          <value>-9.1138854861799123e-02</value></_></nodes></_>
    <_>
      <nodes>
        <_>
          <depth>0</depth>
          <value>4.4095838072617536e-10</value>
          <splits>
            <_><var>0</var>
              <quality>1.3812789693474770e-02</quality>
              <le>9.0829002857208252e-01</le></_></splits></_>
        <_>
          <depth>1</depth>
          <value>-1.4636537697540253e-01</value></_>
        <_>
          <depth>1</depth>
          <value>9.5332675086980678e-02</value></_></nodes></_>
    <_>
      <nodes>
        <_>
          <depth>0</depth>
          <value>-7.9806517014188806e-10</value>
          <splits>
            <_><var>0</var>
              <quality>1.0688766837120056e-02</quality>
              <le>9.2052650451660156e-01</le></_></splits></_>
        <_>
          <depth>1</depth>
          <value>1.1293789907907659e-01</value></_>
        <_>
          <depth>1</depth>
          <value>-9.5332674921097177e-02</value></_></nodes></_>
    <_>
      <nodes>
        <_>
          <depth>0</depth>
          <value>6.1867599893710212e-10</value>
          <splits>
            <_><var>1</var>
              <quality>8.7005132809281349e-03</quality>
              <le>9.3664005398750305e-02</le></_></splits></_>
        <_>
          <depth>1</depth>
          <value>8.4555680963510155e-02</value></_>
        <_>
          <depth>1</depth>
          <value>-1.0351005805057407e-01</value></_></nodes></_>
    <_>
      <nodes>
        <_>
          <depth>0</depth>
          <value>2.2070543122115907e-09</value>
          <splits>
            <_><var>1</var>
              <quality>1.4095105230808258e-02</quality>
              <le>9.9698998034000397e-02</le></_></splits></_>
        <_>
          <depth>1</depth>
          <value>-8.5042706911553037e-02</value></_>
        <_>
          <depth>1</depth>
          <value>1.6769534097290373e-01</value></_></nodes></_>
    <_>
      <nodes>
        <_>
          <depth>0</depth>
          <value>-3.7451824988636697e-10</value>
          <splits>
            <_><var>1</var>
              <quality>1.1497030965983868e-02</quality>
              <le>1.0386450588703156e-01</le></_></splits></_>
        <_>
          <depth>1</depth>
          <value>5.3643508903059016e-02</value></_>
        <_>
          <depth>1</depth>
          <value>-2.1791342304219199e-01</value></_></nodes></_>
    <_>
      <nodes>
        <_>
          <depth>0</depth>
          <value>-1.4692256877161423e-09</value>
          <splits>
            <_><var>1</var>
              <quality>1.1959135532379150e-02</quality>
              <le>1.4143149554729462e-01</le></_></splits></_>
        <_>
          <depth>1</depth>
          <value>-2.3199013105647821e-02</value></_>
        <_>
          <depth>1</depth>
          <value>5.7032021053765747e-01</value></_></nodes></_>
    <_>
      <nodes>
        <_>
          <depth>0</depth>
          <value>2.1937007761058608e-10</value>
          <splits>
            <_><var>1</var>
              <quality>1.2417974881827831e-02</quality>
              <le>1.1533749848604202e-01</le></_></splits></_>
        <_>
          <depth>1</depth>
          <value>3.0260572909782606e-02</value></_>
        <_>
          <depth>1</depth>
          <value>-4.3620445388943802e-01</value></_></nodes></_>
    <_>
      <nodes>
        <_>
          <depth>0</depth>
          <value>1.2450049864430328e-09</value>
          <splits>
            <_><var>1</var>
              <quality>1.3975799083709717e-02</quality>
              <le>1.0789400339126587e-01</le></_></splits></_>
        <_>
          <depth>1</depth>
          <value>-4.7900145295290061e-02</value></_>
        <_>
          <depth>1</depth>
          <value>3.0074316414893476e-01</value></_></nodes></_>
    <_>
      <nodes>
        <_>
          <depth>0</depth>
          <value>-9.0444984916706104e-10</value>
          <splits>
            <_><var>0</var>
              <quality>9.1978702694177628e-03</quality>
              <le>9.0829002857208252e-01</le></_></splits></_>
        <_>
          <depth>1</depth>
          <value>-1.1779072426310139e-01</value></_>
        <_>
          <depth>1</depth>
          <value>7.8608868956882919e-02</value></_></nodes></_>
    <_>
      <nodes>
        <_>
          <depth>0</depth>
          <value>-2.0920589193697997e-09</value>
          <splits>
            <_><var>0</var>
              <quality>7.9846102744340897e-03</quality>
              <le>3.3933651447296143e-01</le></_></splits></_>
        <_>
          <depth>1</depth>
          <value>1.3770357351438782e+00</value></_>
        <_>
          <depth>1</depth>
          <value>-9.0707265933945500e-03</value></_></nodes></_>
    <_>
      <nodes>
        <_>
          <depth>0</depth>
          <value>4.3805781205458936e-10</value>
          <splits>
            <_><var>1</var>
              <quality>7.6602012850344181e-03</quality>
              <le>1.0386450588703156e-01</le></_></splits></_>
        <_>
          <depth>1</depth>
          <value>4.0916632575967740e-02</value></_>
        <_>
          <depth>1</depth>
          <value>-1.8955755611870642e-01</value></_></nodes></_>
    <_>
      <nodes>
        <_>
          <depth>0</depth>
          <value>-9.0270258016774841e-10</value>
          <splits>
            <_><var>1</var>
              <quality>7.6096747070550919e-03</quality>
              <le>9.9698998034000397e-02</le></_></splits></_>
        <_>
          <depth>1</depth>
          <value>-5.8888670207362936e-02</value></_>
        <_>
          <depth>1</depth>
          <value>1.3009979906644561e-01</value></_></nodes></_>
    <_>
      <nodes>
        <_>
          <depth>0</depth>
          <value>-1.3924599825925713e-09</value>
          <splits>
            <_><var>1</var>
              <quality>1.1201140470802784e-02</quality>
              <le>9.4531498849391937e-02</le></_></splits></_>
        <_>
          <depth>1</depth>
          <value>8.6647134271249482e-02</value></_>
        <_>
          <depth>1</depth>
          <value>-1.3032934736967697e-01</value></_></nodes></_>
    <_>
      <nodes>
        <_>
          <depth>0</depth>
          <value>-4.2514725091847315e-10</value>
          <splits>
            <_><var>1</var>
              <quality>9.8567083477973938e-03</quality>
              <le>8.9620999991893768e-02</le></_></splits></_>
        <_>
          <depth>1</depth>
          <value>-1.0506312117415280e-01</value></_>
        <_>
          <depth>1</depth>
          <value>9.4441736480316951e-02</value></_></nodes></_>
    <_>
      <nodes>
        <_>
          <depth>0</depth>
          <value>-3.1067703974645167e-10</value>
          <splits>
            <_><var>1</var>
              <quality>7.3735448531806469e-03</quality>
              <le>9.2722505331039429e-02</le></_></splits></_>
        <_>
          <depth>1</depth>
          <value>7.6022466990308249e-02</value></_>
        <_>
          <depth>1</depth>
          <value>-9.7486086666631944e-02</value></_></nodes></_>
    <_>
      <nodes>
        <_>
          <depth>0</depth>
          <value>-1.0614267254180632e-09</value>
          <splits>
            <_><var>1</var>
              <quality>8.4361955523490906e-03</quality>
              <le>9.9444493651390076e-02</le></_></splits></_>
        <_>
          <depth>1</depth>
          <value>-6.3752798603965266e-02</value></_>
        <_>
          <depth>1</depth>
          <value>1.3328967950052348e-01</value></_></nodes></_>
    <_>
      <nodes>
        <_>
          <depth>0</depth>
          <value>9.7400554193771568e-10</value>
          <splits>
            <_><var>1</var>
              <quality>6.4635588787496090e-03</quality>
              <le>1.0177600383758545e-01</le></_></splits></_>
        <_>
          <depth>1</depth>
          <value>4.3831311567853103e-02</value></_>
        <_>
          <depth>1</depth>
          <value>-1.4864401539891856e-01</value></_></nodes></_>
    <_>
      <nodes>
        <_>
          <depth>0</depth>
          <value>2.6358137887585713e-10</value>
          <splits>
            <_><var>1</var>
              <quality>6.9819209165871143e-03</quality>
              <le>1.0789400339126587e-01</le></_></splits></_>
        <_>
          <depth>1</depth>
          <value>-3.4075730547431723e-02</value></_>
        <_>
          <depth>1</depth>
          <value>2.0791874376689701e-01</value></_></nodes></_>
    <_>
      <nodes>
        <_>
          <depth>0</depth>
          <value>-1.4875664611148771e-09</value>
          <splits>
            <_><var>1</var>
              <quality>7.8427707776427269e-03</quality>
              <le>1.0963299870491028e-01</le></_></splits></_>
        <_>
          <depth>1</depth>
          <value>2.6986025546991938e-02</value></_>
        <_>
          <depth>1</depth>
          <value>-2.9932407185160687e-01</value></_></nodes></_>
    <_>
      <nodes>
        <_>
          <depth>0</depth>
          <value>-2.7164398515740433e-10</value>
          <splits>
            <_><var>0</var>
              <quality>7.2553018108010292e-03</quality>
              <le>2.3689103126525879e+00</le></_></splits></_>
        <_>
          <depth>1</depth>
          <value>-9.2384041691080630e-03</value></_>
        <_>
          <depth>1</depth>
          <value>1.0592165448400566e+00</value></_></nodes></_>
    <_>
      <nodes>
        <_>
          <depth>0</depth>
          <value>3.8135894427804753e-10</value>
          <splits>
            <_><var>0</var>
              <quality>1.0863106697797775e-02</quality>
              <le>2.2119045257568359e+00</le></_></splits></_>
        <_>
          <depth>1</depth>
          <value>1.5914551428418036e-02</value></_>
        <_>
          <depth>1</depth>
          <value>-8.3405478671847022e-01</value></_></nodes></_>
    <_>
      <nodes>
        <_>
          <depth>0</depth>
          <value>-7.8931700127201384e-10</value>
          <splits>
            <_><var>0</var>
              <quality>1.0460426099598408e-02</quality>
              <le>1.6267855167388916e+00</le></_></splits></_>
        <_>
          <depth>1</depth>
          <value>-1.9824412072099257e-02</value></_>
        <_>
          <depth>1</depth>
          <value>5.8698392940594957e-01</value></_></nodes></_>
    <_>
      <nodes>
        <_>
          <depth>0</depth>
          <value>-2.3817781081304465e-11</value>
          <splits>
            <_><var>0</var>
              <quality>7.3892083019018173e-03</quality>
              <le>1.2661495208740234e+00</le></_></splits></_>
        <_>
          <depth>1</depth>
          <value>2.8318382450894169e-02</value></_>
        <_>
          <depth>1</depth>
          <value>-2.6718444687529141e-01</value></_></nodes></_>
    <_>
      <nodes>
        <_>
          <depth>0</depth>
          <value>-1.3163874452280354e-09</value>
          <splits>
            <_><var>0</var>
              <quality>9.5816859975457191e-03</quality>
              <le>1.2460045814514160e+00</le></_></splits></_>
        <_>
          <depth>1</depth>
          <value>-3.7451522539927555e-02</value></_>
        <_>
          <depth>1</depth>
          <value>2.6178245790252574e-01</value></_></nodes></_>
    <_>
      <nodes>
        <_>
          <depth>0</depth>
          <value>3.5812197638982629e-10</value>
          <splits>
            <_><var>0</var>
              <quality>7.1638007648289204e-03</quality>
              <le>1.2661495208740234e+00</le></_></splits></_>
        <_>
          <depth>1</depth>
          <value>2.7995064733461153e-02</value></_>
        <_>
          <depth>1</depth>
          <value>-2.6178247791929765e-01</value></_></nodes></_>
    <_>
      <nodes>
        <_>
          <depth>0</depth>
          <value>-1.1188557315384213e-09</value>
          <splits>
            <_><var>2</var>
              <quality>6.2773833051323891e-03</quality>
              <le>5.0000000000000000e-01</le></_></splits></_>
        <_>
          <depth>1</depth>
          <value>-8.7344561874504387e-02</value></_>
        <_>
          <depth>1</depth>
          <value>7.2176943595708226e-02</value></_></nodes></_>
    <_>
      <nodes>
        <_>
          <depth>0</depth>
          <value>2.7508915070127854e-09</value>
          <splits>
            <_><var>0</var>
              <quality>5.8615310117602348e-03</quality>
              <le>1.2460045814514160e+00</le></_></splits></_>
        <_>
          <depth>1</depth>
          <value>-2.8268633579909042e-02</value></_>
        <_>
          <depth>1</depth>
          <value>2.1045948971438669e-01</value></_></nodes></_>
    <_>
      <nodes>
        <_>
          <depth>0</depth>
          <value>3.2858316057232893e-10</value>
          <splits>
            <_><var>3</var>
              <quality>6.6494881175458431e-03</quality>
              <le>3.</le></_></splits></_>
        <_>
          <depth>1</depth>
          <value>1.2230678632953772e-01</value></_>
        <_>
          <depth>1</depth>
          <value>-5.4692578653570106e-02</value></_></nodes></_>
    <_>
      <nodes>
        <_>
          <depth>0</depth>
          <value>-7.9441808750018657e-10</value>
          <splits>
            <_><var>1</var>
              <quality>8.9369565248489380e-03</quality>
              <le>1.1533749848604202e-01</le></_></splits></_>
        <_>
          <depth>1</depth>
          <value>2.3320664714845188e-02</value></_>
        <_>
          <depth>1</depth>
          <value>-4.0391048780259858e-01</value></_></nodes></_>
    <_>
      <nodes>
        <_>
          <depth>0</depth>
          <value>-8.1730883239225534e-10</value>
          <splits>
            <_><var>1</var>
              <quality>6.4977724105119705e-03</quality>
              <le>8.0150999128818512e-02</le></_></splits></_>
        <_>
          <depth>1</depth>
          <value>1.6178737774661425e-01</value></_>
        <_>
          <depth>1</depth>
          <value>-4.0534412876944134e-02</value></_></nodes></_>
    <_>
      <nodes>
        <_>
          <depth>0</depth>
          <value>1.5668628592243375e-09</value>
          <splits>
            <_><var>1</var>
              <quality>7.5505576096475124e-03</quality>
              <le>1.4143149554729462e-01</le></_></splits></_>
        <_>
          <depth>1</depth>
          <value>-1.6597529727887958e-02</value></_>
        <_>
          <depth>1</depth>
          <value>4.9094015618914466e-01</value></_></nodes></_>
    <_>
      <nodes>
        <_>
          <depth>0</depth>
          <value>2.2229751368062474e-10</value>
          <splits>
            <_><var>0</var>
              <quality>6.2628500163555145e-03</quality>
              <le>4.5337548851966858e-01</le></_></splits></_>
        <_>
          <depth>1</depth>
          <value>-8.1199669456805301e-01</value></_>
        <_>
          <depth>1</depth>
          <value>9.3381883800741899e-03</value></_></nodes></_>
    <_>
      <nodes>
        <_>
          <depth>0</depth>
          <value>4.2987502428099423e-10</value>
          <splits>
            <_><var>0</var>
              <quality>9.5148198306560516e-03</quality>
              <le>4.5797997713088989e-01</le></_></splits></_>
        <_>
          <depth>1</depth>
          <value>6.8212890726897524e-01</value></_>
        <_>
          <depth>1</depth>
          <value>-1.6049266376753902e-02</value></_></nodes></_>
    <_>
      <nodes>
        <_>
          <depth>0</depth>
          <value>-4.8251264118637696e-10</value>
          <splits>
            <_><var>1</var>
              <quality>6.1605991795659065e-03</quality>
              <le>6.4906999468803406e-02</le></_></splits></_>
        <_>
          <depth>1</depth>
          <value>-1.8287112857938252e+00</value></_>
        <_>
          <depth>1</depth>
          <value>6.4869812105967442e-03</value></_></nodes></_>
    <_>
      <nodes>
        <_>
          <depth>0</depth>
          <value>3.7156944188016679e-12</value>
          <splits>
            <_><var>1</var>
              <quality>5.8500035665929317e-03</quality>
              <le>1.4145749807357788e-01</le></_></splits></_>
        <_>
          <depth>1</depth>
          <value>1.1075480246446331e-02</value></_>
        <_>
          <depth>1</depth>
          <value>-5.8766712721529613e-01</value></_></nodes></_>
    <_>
      <nodes>
        <_>
          <depth>0</depth>
          <value>-1.2661871551405308e-11</value>
          <splits>
            <_><var>1</var>
              <quality>5.4460442624986172e-03</quality>
              <le>1.0132449865341187e-01</le></_></splits></_>
        <_>
          <depth>1</depth>
          <value>-4.4462050048425336e-02</value></_>
        <_>
          <depth>1</depth>
          <value>1.2318754695066694e-01</value></_></nodes></_>
    <_>
      <nodes>
        <_>
          <depth>0</depth>
          <value>2.2619706103056922e-10</value>
          <splits>
            <_><var>1</var>
              <quality>8.6397202685475349e-03</quality>
              <le>9.4531498849391937e-02</le></_></splits></_>
        <_>
          <depth>1</depth>
          <value>7.5132880730590962e-02</value></_>
        <_>
          <depth>1</depth>
          <value>-1.1572265239418968e-01</value></_></nodes></_>
    <_>
      <nodes>
        <_>
          <depth>0</depth>
          <value>-3.4490643793405660e-09</value>
          <splits>
            <_><var>1</var>
              <quality>8.9933210983872414e-03</quality>
              <le>8.3246499300003052e-02</le></_></splits></_>
        <_>
          <depth>1</depth>
          <value>-1.3886315842121880e-01</value></_>
        <_>
          <depth>1</depth>
          <value>6.5272195630533089e-02</value></_></nodes></_>
    <_>
      <nodes>
        <_>
          <depth>0</depth>
          <value>-1.3002315892321769e-10</value>
          <splits>
            <_><var>1</var>
              <quality>5.3827580995857716e-03</quality>
              <le>8.0150999128818512e-02</le></_></splits></_>
        <_>
          <depth>1</depth>
          <value>1.4709440079931618e-01</value></_>
        <_>
          <depth>1</depth>
          <value>-3.6874151300142211e-02</value></_></nodes></_>
    <_>
      <nodes>
        <_>
          <depth>0</depth>
          <value>1.5482692881550467e-09</value>
          <splits>
            <_><var>2</var>
              <quality>4.6917204745113850e-03</quality>
              <le>5.5000000000000000e+00</le></_></splits></_>
        <_>
          <depth>1</depth>
          <value>-6.0288968660054112e-03</value></_>
        <_>
          <depth>1</depth>
          <value>1.0408275758834127e+00</value></_></nodes></_>
    <_>
      <nodes>
        <_>
          <depth>0</depth>
          <value>-4.7314113760425767e-10</value>
          <splits>
            <_><var>2</var>
              <quality>6.8242619745433331e-03</quality>
              <le>4.5000000000000000e+00</le></_></splits></_>
        <_>
          <depth>1</depth>
          <value>1.0137680784443711e-02</value></_>
        <_>
          <depth>1</depth>
          <value>-8.1653797535456241e-01</value></_></nodes></_>
    <_>
      <nodes>
        <_>
          <depth>0</depth>
          <value>-1.2203577039284118e-10</value>
          <splits>
            <_><var>0</var>
              <quality>5.1672277040779591e-03</quality>
              <le>9.2052650451660156e-01</le></_></splits></_>
        <_>
          <depth>1</depth>
          <value>7.8639625486042253e-02</value></_>
        <_>
          <depth>1</depth>
          <value>-6.5938478009672563e-02</value></_></nodes></_>
    <_>
      <nodes>
        <_>
          <depth>0</depth>
          <value>7.2693406796723283e-10</value>
          <splits>
            <_><var>0</var>
              <quality>7.5729964300990105e-03</quality>
              <le>6.9388854503631592e-01</le></_></splits></_>
        <_>
          <depth>1</depth>
          <value>-2.7381820297233078e-01</value></_>
        <_>
          <depth>1</depth>
          <value>2.8352395795371799e-02</value></_></nodes></_>
    <_>
      <nodes>
        <_>
          <depth>0</depth>
          <value>-1.4482614573032849e-09</value>
          <splits>
            <_><var>2</var>
              <quality>4.5082517899572849e-03</quality>
              <le>2.5000000000000000e+00</le></_></splits></_>
        <_>
          <depth>1</depth>
          <value>-1.0029135585153321e-02</value></_>
        <_>
          <depth>1</depth>
          <value>4.8411185818817098e-01</value></_></nodes></_>
    <_>
      <nodes>
        <_>
          <depth>0</depth>
          <value>-5.9071803008173872e-11</value>
          <splits>
            <_><var>0</var>
              <quality>4.1079395450651646e-03</quality>
              <le>2.3689103126525879e+00</le></_></splits></_>
        <_>
          <depth>1</depth>
          <value>-6.5406523643737743e-03</value></_>
        <_>
          <depth>1</depth>
          <value>7.3822506896687423e-01</value></_></nodes></_>
    <_>
      <nodes>
        <_>
          <depth>0</depth>
          <value>2.1029777914645722e-10</value>
          <splits>
            <_><var>0</var>
              <quality>7.8421616926789284e-03</quality>
              <le>2.2119045257568359e+00</le></_></splits></_>
        <_>
          <depth>1</depth>
          <value>1.2851614503720884e-02</value></_>
        <_>
          <depth>1</depth>
          <value>-7.0930664439562463e-01</value></_></nodes></_>
    <_>
      <nodes>
        <_>
          <depth>0</depth>
          <value>2.1069257445384771e-10</value>
          <splits>
            <_><var>0</var>
              <quality>6.5117417834699154e-03</quality>
              <le>1.6267855167388916e+00</le></_></splits></_>
        <_>
          <depth>1</depth>
          <value>-1.4416640269419381e-02</value></_>
        <_>
          <depth>1</depth>
          <value>4.8685110669066706e-01</value></_></nodes></_>
    <_>
      <nodes>
        <_>
          <depth>0</depth>
          <value>6.3690230826488381e-10</value>
          <splits>
            <_><var>0</var>
              <quality>6.6807246766984463e-03</quality>
              <le>1.4522725343704224e+00</le></_></splits></_>
        <_>
          <depth>1</depth>
          <value>2.1134121716953051e-02</value></_>
        <_>
          <depth>1</depth>
          <value>-3.2737252844875087e-01</value></_></nodes></_>
    <_>
      <nodes>
        <_>
          <depth>0</depth>
          <value>-8.3395457213546833e-11</value>
          <splits>
            <_><var>0</var>
              <quality>4.9229445867240429e-03</quality>
              <le>9.0829002857208252e-01</le></_></splits></_>
        <_>
          <depth>1</depth>
          <value>-8.5346674447186438e-02</value></_>
        <_>
          <depth>1</depth>
          <value>5.7886291089385165e-02</value></_></nodes></_>
    <_>
      <nodes>
        <_>
          <depth>0</depth>
          <value>6.6991812052804098e-10</value>
          <splits>
            <_><var>0</var>
              <quality>9.0975137427449226e-03</quality>
              <le>7.8601944446563721e-01</le></_></splits></_>
        <_>
          <depth>1</depth>
          <value>1.8066759141863600e-01</value></_>
        <_>
          <depth>1</depth>
          <value>-5.0945701079821451e-02</value></_></nodes></_>
    <_>
      <nodes>
        <_>
          <depth>0</depth>
          <value>8.7072127210276378e-10</value>
          <splits>
            <_><var>0</var>
              <quality>4.2559970170259476e-03</quality>
              <le>1.5322914123535156e+00</le></_></splits></_>
        <_>
          <depth>1</depth>
          <value>-1.4167157427739996e-02</value></_>
        <_>
          <depth>1</depth>
          <value>3.0999549886928179e-01</value></_></nodes></_>
    <_>
      <nodes>
        <_>
          <depth>0</depth>
          <value>-5.5241744542618789e-10</value>
          <splits>
            <_><var>1</var>
              <quality>5.3282557055354118e-03</quality>
              <le>1.0847599804401398e-01</le></_></splits></_>
        <_>
          <depth>1</depth>
          <value>2.2656460893980136e-02</value></_>
        <_>
          <depth>1</depth>
          <value>-2.3970408004719695e-01</value></_></nodes></_>
    <_>
      <nodes>
        <_>
          <depth>0</depth>
          <value>3.2575320208441116e-10</value>
          <splits>
            <_><var>1</var>
              <quality>7.4157887138426304e-03</quality>
              <le>1.0789400339126587e-01</le></_></splits></_>
        <_>
          <depth>1</depth>
          <value>-3.1940418994391220e-02</value></_>
        <_>
          <depth>1</depth>
          <value>2.3657134531173599e-01</value></_></nodes></_>
    <_>
      <nodes>
        <_>
          <depth>0</depth>
          <value>6.2498695069043265e-10</value>
          <splits>
            <_><var>1</var>
              <quality>7.3654358275234699e-03</quality>
              <le>1.0177600383758545e-01</le></_></splits></_>
        <_>
          <depth>1</depth>
          <value>4.4494384413126836e-02</value></_>
        <_>
          <depth>1</depth>
          <value>-1.6718599358822495e-01</value></_></nodes></_>
    <_>
      <nodes>
        <_>
          <depth>0</depth>
          <value>7.5560690980329844e-10</value>
          <splits>
            <_><var>1</var>
              <quality>7.8384960070252419e-03</quality>
              <le>1.0132449865341187e-01</le></_></splits></_>
        <_>
          <depth>1</depth>
          <value>-5.2562530097806710e-02</value></_>
        <_>
          <depth>1</depth>
          <value>1.5038797281491950e-01</value></_></nodes></_>
    <_>
      <nodes>
        <_>
          <depth>0</depth>
          <value>7.8852502243260440e-10</value>
          <splits>
            <_><var>1</var>
              <quality>7.1130008436739445e-03</quality>
              <le>9.2722505331039429e-02</le></_></splits></_>
        <_>
          <depth>1</depth>
          <value>7.2872835766798538e-02</value></_>
        <_>
          <depth>1</depth>
          <value>-9.8094551462827917e-02</value></_></nodes></_>
    <_>
      <nodes>
        <_>
          <depth>0</depth>
          <value>2.4729931374828059e-09</value>
          <splits>
            <_><var>1</var>
              <quality>4.5918538235127926e-03</quality>
              <le>1.4143149554729462e-01</le></_></splits></_>
        <_>
          <depth>1</depth>
          <value>-1.1560088356603831e-02</value></_>
        <_>
          <depth>1</depth>
          <value>4.2036013068952649e-01</value></_></nodes></_>
    <_>
      <nodes>
        <_>
          <depth>0</depth>
          <value>1.7725820811133828e-12</value>
          <splits>
            <_><var>1</var>
              <quality>7.3142484761774540e-03</quality>
              <le>1.0963299870491028e-01</le></_></splits></_>
        <_>
          <depth>1</depth>
          <value>2.1235893074017412e-02</value></_>
        <_>
          <depth>1</depth>
          <value>-3.5916729662246372e-01</value></_></nodes></_>
    <_>
      <nodes>
        <_>
          <depth>0</depth>
          <value>1.0975700336534486e-09</value>
          <splits>
            <_><var>1</var>
              <quality>6.1081238090991974e-03</quality>
              <le>9.1055497527122498e-02</le></_></splits></_>
        <_>
          <depth>1</depth>
          <value>-7.5233897116588497e-02</value></_>
        <_>
          <depth>1</depth>
          <value>8.1521689571104700e-02</value></_></nodes></_>
    <_>
      <nodes>
        <_>
          <depth>0</depth>
          <value>8.5524409703238740e-10</value>
          <splits>
            <_><var>1</var>
              <quality>4.6226638369262218e-03</quality>
              <le>8.8118501007556915e-02</le></_></splits></_>
        <_>
          <depth>1</depth>
          <value>7.4755759057643659e-02</value></_>
        <_>
          <depth>1</depth>
          <value>-6.2031478614960223e-02</value></_></nodes></_></trees></opencv_ml_boost>
</opencv_storage>